{"nm":"Main Scene","ddd":0,"h":100,"w":100,"meta":{"g":"@lottiefiles/creator 1.30.0"},"layers":[{"ty":4,"nm":"Order Track-Location Outlines","sr":1,"st":28,"op":178,"ip":28,"hd":false,"ddd":0,"bm":0,"hasMask":false,"ao":0,"ks":{"a":{"a":0,"k":[105.4355211305884,100]},"s":{"a":0,"k":[15.9837,14.4766]},"sk":{"a":0,"k":0},"p":{"a":0,"k":[70.6166,61.6142]},"r":{"a":0,"k":0},"sa":{"a":0,"k":0},"o":{"a":0,"k":100}},"shapes":[{"ty":"gr","bm":0,"hd":false,"mn":"ADBE Vector Group","nm":"Group 1","ix":1,"cix":2,"np":4,"it":[{"ty":"sh","bm":0,"hd":false,"mn":"ADBE Vector Shape - Group","nm":"Path 1","ix":1,"d":1,"ks":{"a":0,"k":{"c":true,"i":[[6.4,0],[0,6.5],[-6.5,0],[0,-6.5]],"o":[[-6.4,0],[0,-6.5],[6.4,0],[0,6.5]],"v":[[0,-0.1],[-11.7,-11.8],[0,-23.5],[11.7,-11.8]]}}},{"ty":"sh","bm":0,"hd":false,"mn":"ADBE Vector Shape - Group","nm":"Path 2","ix":2,"d":1,"ks":{"a":0,"k":{"c":true,"i":[[18,0],[0,-19.6],[-1.3,-1.3],[-0.6,0],[-0.5,0.5],[0,27.9]],"o":[[-18,0],[0,27.8],[0.5,0.5],[0.601,0],[1.301,-1.2],[-0.099,-19.6]],"v":[[0,-47],[-32.7,-11.5],[-1.8,46.3],[0,47],[1.8,46.3],[32.7,-11.5]]}}},{"ty":"mm","bm":0,"hd":false,"mn":"ADBE Vector Filter - Merge","nm":"Merge Paths 1","mm":1},{"ty":"st","bm":0,"hd":false,"mn":"ADBE Vector Graphic - Stroke","nm":"Stroke 1","lc":1,"lj":1,"ml":10,"o":{"a":0,"k":100},"w":{"a":0,"k":5},"c":{"a":0,"k":[0.5412,0.7333,0.2902]}},{"ty":"tr","a":{"a":0,"k":[1.5320159353414624,1.6110740723734125]},"s":{"a":0,"k":[165.417,165.417]},"sk":{"a":0,"k":0},"p":{"a":0,"k":[107.83421479976379,102.66499039829793]},"r":{"a":0,"k":0},"sa":{"a":0,"k":0},"o":{"a":0,"k":100}}]}],"ind":1},{"ty":4,"nm":"Order Track Outlines","sr":1,"st":0,"op":150,"ip":0,"hd":false,"ddd":0,"bm":0,"hasMask":false,"ao":0,"ks":{"a":{"a":0,"k":[100.09590909090909,92.10772727272723]},"s":{"a":0,"k":[40,40]},"sk":{"a":0,"k":0},"p":{"a":0,"k":[50,50]},"r":{"a":0,"k":0},"sa":{"a":0,"k":0},"o":{"a":0,"k":100}},"shapes":[{"ty":"gr","bm":0,"hd":false,"mn":"ADBE Vector Group","nm":"Group 1","ix":1,"cix":2,"np":3,"it":[{"ty":"sh","bm":0,"hd":false,"mn":"ADBE Vector Shape - Group","nm":"Path 1","ix":1,"d":1,"ks":{"a":0,"k":{"c":false,"i":[[0,0],[0,0],[0,-2.086],[0,0],[2.158,0],[0,0],[0.024,-8.232],[0.007,-2.361],[-8.25,0],[0,0]],"o":[[0,0],[2.158,0],[0,0],[0,2.086],[0,0],[-8.232,-0.024],[-0.008,2.362],[-0.024,8.25],[0,0],[0,0]],"v":[[-21.542,-22.823],[20.26,-22.823],[24.167,-19.046],[24.167,-17.753],[20.26,-13.975],[-11.802,-14.072],[-26.752,0.789],[-26.774,7.872],[-11.868,22.823],[26.798,22.823]]}}},{"ty":"tm","bm":0,"hd":false,"mn":"ADBE Vector Filter - Trim","nm":"Trim Paths 1","ix":2,"e":{"a":1,"k":[{"o":{"x":0.167,"y":0.167},"i":{"x":0.833,"y":0.833},"s":[0],"t":23},{"s":[100],"t":44}]},"o":{"a":0,"k":0},"s":{"a":0,"k":0},"m":1},{"ty":"st","bm":0,"hd":false,"mn":"ADBE Vector Graphic - Stroke","nm":"Stroke 1","lc":1,"lj":1,"ml":10,"o":{"a":0,"k":100},"w":{"a":0,"k":5},"c":{"a":0,"k":[0.1373,0.5333,0.7882]}},{"ty":"tr","a":{"a":0,"k":[-0.7540909090909054,-0.741272727272758]},"s":{"a":0,"k":[100,100]},"sk":{"a":0,"k":0},"p":{"a":0,"k":[69.8186,123.3075]},"r":{"a":0,"k":0},"sa":{"a":0,"k":0},"o":{"a":0,"k":100}}]},{"ty":"gr","bm":0,"hd":false,"mn":"ADBE Vector Group","nm":"Group 3","ix":2,"cix":2,"np":3,"it":[{"ty":"sh","bm":0,"hd":false,"mn":"ADBE Vector Shape - Group","nm":"Path 1","ix":1,"d":1,"ks":{"a":0,"k":{"c":false,"i":[[0,0],[0,0]],"o":[[0,0],[0,0]],"v":[[91.603,148.142],[143.693,148.142]]}}},{"ty":"tm","bm":0,"hd":false,"mn":"ADBE Vector Filter - Trim","nm":"Trim Paths 1","ix":2,"e":{"a":1,"k":[{"o":{"x":0.167,"y":0.167},"i":{"x":0.833,"y":0.833},"s":[0],"t":42},{"s":[100],"t":57}]},"o":{"a":0,"k":0},"s":{"a":0,"k":0},"m":1},{"ty":"st","bm":0,"hd":false,"mn":"ADBE Vector Graphic - Stroke","nm":"Stroke 1","lc":2,"lj":1,"ml":2,"o":{"a":0,"k":100},"w":{"a":0,"k":5},"c":{"a":0,"k":[0.1373,0.5333,0.7882]}},{"ty":"tr","a":{"a":0,"k":[117.5959090909091,147.10772727272723]},"s":{"a":0,"k":[67,100]},"sk":{"a":0,"k":0},"p":{"a":0,"k":[121.4871,146.0705]},"r":{"a":0,"k":0},"sa":{"a":0,"k":0},"o":{"a":0,"k":100}}]},{"ty":"gr","bm":0,"hd":false,"mn":"ADBE Vector Group","nm":"Group 5","ix":3,"cix":2,"np":2,"it":[{"ty":"sh","bm":0,"hd":false,"mn":"ADBE Vector Shape - Group","nm":"Path 1","ix":1,"d":1,"ks":{"a":0,"k":{"c":true,"i":[[-53.572,0],[0,-53.572],[53.571,0],[0,53.571]],"o":[[53.571,0],[0,53.571],[-53.572,0],[0,-53.572]],"v":[[0,-97],[97,0],[0,97],[-97,0]]}}},{"ty":"st","bm":0,"hd":false,"mn":"ADBE Vector Graphic - Stroke","nm":"Stroke 1","lc":1,"lj":1,"ml":10,"o":{"a":0,"k":100},"w":{"a":0,"k":5},"c":{"a":0,"k":[0.1373,0.5333,0.7882]}},{"ty":"tr","a":{"a":0,"k":[-0.00008417508418290254,-0.0002525252525771293]},"s":{"a":0,"k":[108,108]},"sk":{"a":0,"k":0},"p":{"a":0,"k":[100.09590909090909,92.10772727272722]},"r":{"a":0,"k":0},"sa":{"a":0,"k":0},"o":{"a":0,"k":100}}]},{"ty":"gr","bm":0,"hd":false,"mn":"ADBE Vector Group","nm":"Group 6","ix":4,"cix":2,"np":4,"it":[{"ty":"sh","bm":0,"hd":false,"mn":"ADBE Vector Shape - Group","nm":"Path 1","ix":1,"d":1,"ks":{"a":0,"k":{"c":true,"i":[[4.8,0],[0,4.8],[-4.8,0],[0,-4.8]],"o":[[-4.8,0],[0,-4.8],[4.8,0],[0,4.8]],"v":[[0,2.25],[-8.7,-6.45],[0,-15.15],[8.7,-6.45]]}}},{"ty":"sh","bm":0,"hd":false,"mn":"ADBE Vector Shape - Group","nm":"Path 2","ix":2,"d":1,"ks":{"a":0,"k":{"c":true,"i":[[10.2,0],[0,-10.8],[-0.7,-0.7],[-0.3,0],[-0.3,0.3],[0,15.4]],"o":[[-10.2,0],[0,15.4],[0.3,0.3],[0.3,0],[0.7,-0.7],[0,-10.8]],"v":[[0,-25.95],[-18.5,-6.35],[-1,25.55],[0,25.95],[1,25.55],[18.5,-6.35]]}}},{"ty":"mm","bm":0,"hd":false,"mn":"ADBE Vector Filter - Merge","nm":"Merge Paths 1","mm":1},{"ty":"fl","bm":0,"hd":false,"mn":"ADBE Vector Graphic - Fill","nm":"Fill 1","c":{"a":0,"k":[0.1373,0.5333,0.7882]},"r":1,"o":{"a":0,"k":100}},{"ty":"tr","a":{"a":0,"k":[0.795909090909106,-0.34227272727275704]},"s":{"a":0,"k":[100,100]},"sk":{"a":0,"k":0},"p":{"a":0,"k":[47.5959090909091,77.10772727272725]},"r":{"a":0,"k":0},"sa":{"a":0,"k":0},"o":{"a":0,"k":100}}]}],"ind":2}],"v":"5.7.0","fr":30,"op":90,"ip":0,"assets":[]}